input,actual_output,expected_output,context,retrieval_context,n_chunks_per_context,context_length,evolutions,context_quality,synthetic_input_quality,source_file
"Was sind die besonderen Wirkmechanismen und Nebenwirkungen von KarXT, die es von herkömmlichen Antipsychotika unterscheiden? Gibt es da etwas, das man wissen sollte?",,"KarXT unterscheidet sich von traditionellen Antipsychotika durch seinen speziellen Wirkmechanismus, der auf M1/M4 muskarineren Agonisten basiert. Dieser Mechanismus reduziert die präsynaptische Dopaminausschüttung, was zu einer anderen Wirkung im Vergleich zu bisherigen Antipsychotika führt, die postsynaptische Dopaminrezeptoren blockieren. Ein weiterer Vorteil ist, dass KarXT im Gegensatz zu vielen herkömmlichen Antipsychotika nicht zu Gewichtszunahme sondern eher zu Gewichtsabnahme führt.

Nebenwirkungen wie Übelkeit und gastrointestinale Beschwerden wurden beobachtet, jedoch sollten sie moderat sein, wie die EMERGENT-Studien gezeigt haben. Diese neuen Ansätze könnten helfen, Patienten, die herkömmliche Antipsychotika nicht vertragen, signifikant zu unterstützen.","['ikamentes noch relativ umständlich ist: Es muss zweimal am Tag genommen werden, wobei vorher eine Stunden lang und nachher zwei Stunden lang nichts gegessen werden darf. Hier ist allerdings zu beachten, dass dies das erste Medikament dieser neuen Substanzklasse der muskarinergen Agonisten ist und nachfolgende Medikamente diese Nachteile höchst wahrscheinlich überwinden werden.“\n„Am Ende ist KarXT kein perfektes Medikament, aber es ist ein vielversprechender Anfang für einen neuen Medikamentenansatz, um Schizophrenie und in der Zukunft auch andere psychotische Störungen zu behandeln, die mit zu viel präsynaptischer Dopaminausschüttung zu tun haben. Ich vermute, dass KarXT häufig zusätzlich zu bisherigen Antipsychotika verschrieben werden wird, was gerade auch in einer Studie getestet wird, und gerade Patientinnen und Patienten, die die bisherigen Antipsychotika nicht vertragen, stark helfen wird.“\n\n', 'urchgeführt werden, um wirklich die Wirksamkeit im Vergleich zu anderen Antipsychotika zu prüfen. Die Nebenwirkungen, wie Übelkeit und weitere gastrointestinale Beschwerden werden auftreten, wie die EMERGENT-Studien gegen ein Placebo-Präparat gezeigt haben. Die sollten moderat sein, was aber die Anwendung in der Versorgungsrealität zeigen soll und hoffentlich wird.“\n\nProf. Dr. Christoph Correll\nDirektor der Klinik für Psychiatrie, Psychosomatik und Psychotherapie des Kindes- und Jugendalters, Charité – Universitätsmedizin Berlin, und Professor für psychiatrische Neurowissenschaften, Institute of Behavioral Science, Feinstein Institutes for Medical Research, New York, USA, und Professor für Psychiatrie und Molekulare Medizin, Donald and Barbara Zucker School of Medicine at Hofstra/Northwell, New York, USA\n\nPotenzial von KarXT: \n„Das Medikament KarXT ist meiner Einschätzung nach eine Möglichkeit, die Therapie von Psychosen und Schizophrenie für wenigstens einige Patient:innen zu revolutionieren. Das liegt an dem besonderen Wirkmechanismus von Xanomelin, einem M1/M4 muscarinergen Agonisten, der mit Trospium, einem peripher beschränkten Anticholiergikum kombiniert ist und über die Wirkung auf Muskarinrezeptoren indirekt die präsynaptische Dopaminausschüttung reduziert. Bisherige Antipsychotika blockieren postsynaptische Dopaminrezeptoren. Dopamin wird also ausgeschüttet, das Signal breitet sich jedoch nicht auf die weiteren Synapsen aus. Ein präsynaptisches Problem wurde', 'anz neuen Wirkmechanismus zur Behandlung von Schizophrenie verwendet. Die meisten Antipsychotika wirken auf das dopaminerge System, wodurch nicht selten Nebenwirkungen in der Motorik wie verlangsamte oder auch unwillkürliche Bewegungen auftreten. Außerdem scheint KarXT im Gegensatz zu vielen Antipsychotika nicht zu einer Gewichtszunahme, sondern viel mehr zu einer Gewichtsabnahme zu führen.“\n„Zudem ist es prinzipiell gut, wenn Behandelnde aus einem breiten Spektrum an guten Medikamenten zur Behandlung der Patienten wählen können. Je nach Person und Krankheitsbild können unterschiedliche Medikamente besser passen. Dies ist seit einigen Jahrzehnten der erste neue Ansatz für ein Schizophrenie-Medikament mit einer offenbar guten Wirksamkeit und anderen Nebenwirkungen. Ob KarXT die bisherigen Medikamente ablösen könnte, wissen wir noch nicht, dafür braucht es die entsprechenden Studien. Ein weiteres Medikament zur Behandlung von Schizophrenie, das ebenfalls vielversprechend aussieht, ist Emraclidine, welches auch auf dem muskarinergen Wirkmechanismus basiert.“\n\nDatenlage: \n„Im Rahmen des Studienprojektes EMERGENT wurde die Wirkung von KarXT in fünf verschiedenen Trials untersucht. Sowohl für einen Zeitraum von fünf Wochen als auch von einem Jahr. Die Ein-Jahres-Daten wurden bislang noch nicht publizi']",,3,3718,['Multi-context'],,0.8,data/example_data/10_Copernicus-Report_ 2024 war 1_6 Grad wärmer als vo.txt
"Wie beeinflusst KarXT das Gewicht im Vergleich zu anderen Antipsychotika, die zur Behandlung von Schizophrenie eingesetzt werden? Gibt es Unterschiede, die man beachten sollte?",,"KarXT führt im Vergleich zu vielen anderen Antipsychotika nicht zu einer Gewichtszunahme, sondern scheint eher eine Gewichtsabnahme zu bewirken. Dies ist ein signifikanter Unterschied, da zahlreiche herkömmliche Antipsychotika oft motorische Nebenwirkungen und Gewichtszunahme verursachen. Der besondere Wirkmechanismus von KarXT, der auf präsynaptischer Dopaminausschüttung basiert, könnte dies erklären. Eine umfassende Datenlage zur Wirksamkeit im Vergleich zu anderen Antipsychotika fehlt jedoch noch, da entsprechende Studien abgeschlossen werden müssen.","['ikamentes noch relativ umständlich ist: Es muss zweimal am Tag genommen werden, wobei vorher eine Stunden lang und nachher zwei Stunden lang nichts gegessen werden darf. Hier ist allerdings zu beachten, dass dies das erste Medikament dieser neuen Substanzklasse der muskarinergen Agonisten ist und nachfolgende Medikamente diese Nachteile höchst wahrscheinlich überwinden werden.“\n„Am Ende ist KarXT kein perfektes Medikament, aber es ist ein vielversprechender Anfang für einen neuen Medikamentenansatz, um Schizophrenie und in der Zukunft auch andere psychotische Störungen zu behandeln, die mit zu viel präsynaptischer Dopaminausschüttung zu tun haben. Ich vermute, dass KarXT häufig zusätzlich zu bisherigen Antipsychotika verschrieben werden wird, was gerade auch in einer Studie getestet wird, und gerade Patientinnen und Patienten, die die bisherigen Antipsychotika nicht vertragen, stark helfen wird.“\n\n', 'urchgeführt werden, um wirklich die Wirksamkeit im Vergleich zu anderen Antipsychotika zu prüfen. Die Nebenwirkungen, wie Übelkeit und weitere gastrointestinale Beschwerden werden auftreten, wie die EMERGENT-Studien gegen ein Placebo-Präparat gezeigt haben. Die sollten moderat sein, was aber die Anwendung in der Versorgungsrealität zeigen soll und hoffentlich wird.“\n\nProf. Dr. Christoph Correll\nDirektor der Klinik für Psychiatrie, Psychosomatik und Psychotherapie des Kindes- und Jugendalters, Charité – Universitätsmedizin Berlin, und Professor für psychiatrische Neurowissenschaften, Institute of Behavioral Science, Feinstein Institutes for Medical Research, New York, USA, und Professor für Psychiatrie und Molekulare Medizin, Donald and Barbara Zucker School of Medicine at Hofstra/Northwell, New York, USA\n\nPotenzial von KarXT: \n„Das Medikament KarXT ist meiner Einschätzung nach eine Möglichkeit, die Therapie von Psychosen und Schizophrenie für wenigstens einige Patient:innen zu revolutionieren. Das liegt an dem besonderen Wirkmechanismus von Xanomelin, einem M1/M4 muscarinergen Agonisten, der mit Trospium, einem peripher beschränkten Anticholiergikum kombiniert ist und über die Wirkung auf Muskarinrezeptoren indirekt die präsynaptische Dopaminausschüttung reduziert. Bisherige Antipsychotika blockieren postsynaptische Dopaminrezeptoren. Dopamin wird also ausgeschüttet, das Signal breitet sich jedoch nicht auf die weiteren Synapsen aus. Ein präsynaptisches Problem wurde', 'anz neuen Wirkmechanismus zur Behandlung von Schizophrenie verwendet. Die meisten Antipsychotika wirken auf das dopaminerge System, wodurch nicht selten Nebenwirkungen in der Motorik wie verlangsamte oder auch unwillkürliche Bewegungen auftreten. Außerdem scheint KarXT im Gegensatz zu vielen Antipsychotika nicht zu einer Gewichtszunahme, sondern viel mehr zu einer Gewichtsabnahme zu führen.“\n„Zudem ist es prinzipiell gut, wenn Behandelnde aus einem breiten Spektrum an guten Medikamenten zur Behandlung der Patienten wählen können. Je nach Person und Krankheitsbild können unterschiedliche Medikamente besser passen. Dies ist seit einigen Jahrzehnten der erste neue Ansatz für ein Schizophrenie-Medikament mit einer offenbar guten Wirksamkeit und anderen Nebenwirkungen. Ob KarXT die bisherigen Medikamente ablösen könnte, wissen wir noch nicht, dafür braucht es die entsprechenden Studien. Ein weiteres Medikament zur Behandlung von Schizophrenie, das ebenfalls vielversprechend aussieht, ist Emraclidine, welches auch auf dem muskarinergen Wirkmechanismus basiert.“\n\nDatenlage: \n„Im Rahmen des Studienprojektes EMERGENT wurde die Wirkung von KarXT in fünf verschiedenen Trials untersucht. Sowohl für einen Zeitraum von fünf Wochen als auch von einem Jahr. Die Ein-Jahres-Daten wurden bislang noch nicht publizi']",,3,3718,['In-Breadth'],,0.8,data/example_data/10_Copernicus-Report_ 2024 war 1_6 Grad wärmer als vo.txt
"Was sind die besonderen Wirkmechanismen und Nebenwirkungen von KarXT, die es von herkömmlichen Antipsychotika unterscheiden? Gibt es da etwas, das man wissen sollte?",,"KarXT unterscheidet sich von traditionellen Antipsychotika durch seinen speziellen Wirkmechanismus, der auf M1/M4 muskarineren Agonisten basiert. Dieser Mechanismus reduziert die präsynaptische Dopaminausschüttung, was zu einer anderen Wirkung im Vergleich zu bisherigen Antipsychotika führt, die postsynaptische Dopaminrezeptoren blockieren. Ein weiterer Vorteil ist, dass KarXT im Gegensatz zu vielen herkömmlichen Antipsychotika nicht zu Gewichtszunahme sondern eher zu Gewichtsabnahme führt.

Nebenwirkungen wie Übelkeit und gastrointestinale Beschwerden wurden beobachtet, jedoch sollten sie moderat sein, wie die EMERGENT-Studien gezeigt haben. Diese neuen Ansätze könnten helfen, Patienten, die herkömmliche Antipsychotika nicht vertragen, signifikant zu unterstützen.","['ikamentes noch relativ umständlich ist: Es muss zweimal am Tag genommen werden, wobei vorher eine Stunden lang und nachher zwei Stunden lang nichts gegessen werden darf. Hier ist allerdings zu beachten, dass dies das erste Medikament dieser neuen Substanzklasse der muskarinergen Agonisten ist und nachfolgende Medikamente diese Nachteile höchst wahrscheinlich überwinden werden.“\n„Am Ende ist KarXT kein perfektes Medikament, aber es ist ein vielversprechender Anfang für einen neuen Medikamentenansatz, um Schizophrenie und in der Zukunft auch andere psychotische Störungen zu behandeln, die mit zu viel präsynaptischer Dopaminausschüttung zu tun haben. Ich vermute, dass KarXT häufig zusätzlich zu bisherigen Antipsychotika verschrieben werden wird, was gerade auch in einer Studie getestet wird, und gerade Patientinnen und Patienten, die die bisherigen Antipsychotika nicht vertragen, stark helfen wird.“\n\n', 'urchgeführt werden, um wirklich die Wirksamkeit im Vergleich zu anderen Antipsychotika zu prüfen. Die Nebenwirkungen, wie Übelkeit und weitere gastrointestinale Beschwerden werden auftreten, wie die EMERGENT-Studien gegen ein Placebo-Präparat gezeigt haben. Die sollten moderat sein, was aber die Anwendung in der Versorgungsrealität zeigen soll und hoffentlich wird.“\n\nProf. Dr. Christoph Correll\nDirektor der Klinik für Psychiatrie, Psychosomatik und Psychotherapie des Kindes- und Jugendalters, Charité – Universitätsmedizin Berlin, und Professor für psychiatrische Neurowissenschaften, Institute of Behavioral Science, Feinstein Institutes for Medical Research, New York, USA, und Professor für Psychiatrie und Molekulare Medizin, Donald and Barbara Zucker School of Medicine at Hofstra/Northwell, New York, USA\n\nPotenzial von KarXT: \n„Das Medikament KarXT ist meiner Einschätzung nach eine Möglichkeit, die Therapie von Psychosen und Schizophrenie für wenigstens einige Patient:innen zu revolutionieren. Das liegt an dem besonderen Wirkmechanismus von Xanomelin, einem M1/M4 muscarinergen Agonisten, der mit Trospium, einem peripher beschränkten Anticholiergikum kombiniert ist und über die Wirkung auf Muskarinrezeptoren indirekt die präsynaptische Dopaminausschüttung reduziert. Bisherige Antipsychotika blockieren postsynaptische Dopaminrezeptoren. Dopamin wird also ausgeschüttet, das Signal breitet sich jedoch nicht auf die weiteren Synapsen aus. Ein präsynaptisches Problem wurde', 'anz neuen Wirkmechanismus zur Behandlung von Schizophrenie verwendet. Die meisten Antipsychotika wirken auf das dopaminerge System, wodurch nicht selten Nebenwirkungen in der Motorik wie verlangsamte oder auch unwillkürliche Bewegungen auftreten. Außerdem scheint KarXT im Gegensatz zu vielen Antipsychotika nicht zu einer Gewichtszunahme, sondern viel mehr zu einer Gewichtsabnahme zu führen.“\n„Zudem ist es prinzipiell gut, wenn Behandelnde aus einem breiten Spektrum an guten Medikamenten zur Behandlung der Patienten wählen können. Je nach Person und Krankheitsbild können unterschiedliche Medikamente besser passen. Dies ist seit einigen Jahrzehnten der erste neue Ansatz für ein Schizophrenie-Medikament mit einer offenbar guten Wirksamkeit und anderen Nebenwirkungen. Ob KarXT die bisherigen Medikamente ablösen könnte, wissen wir noch nicht, dafür braucht es die entsprechenden Studien. Ein weiteres Medikament zur Behandlung von Schizophrenie, das ebenfalls vielversprechend aussieht, ist Emraclidine, welches auch auf dem muskarinergen Wirkmechanismus basiert.“\n\nDatenlage: \n„Im Rahmen des Studienprojektes EMERGENT wurde die Wirkung von KarXT in fünf verschiedenen Trials untersucht. Sowohl für einen Zeitraum von fünf Wochen als auch von einem Jahr. Die Ein-Jahres-Daten wurden bislang noch nicht publizi']",,3,3718,['Multi-context'],,0.8,data/example_data/10_Copernicus-Report_ 2024 war 1_6 Grad wärmer als vo.txt
"Wie beeinflusst KarXT das Gewicht im Vergleich zu anderen Antipsychotika, die zur Behandlung von Schizophrenie eingesetzt werden? Gibt es Unterschiede, die man beachten sollte?",,"KarXT führt im Vergleich zu vielen anderen Antipsychotika nicht zu einer Gewichtszunahme, sondern scheint eher eine Gewichtsabnahme zu bewirken. Dies ist ein signifikanter Unterschied, da zahlreiche herkömmliche Antipsychotika oft motorische Nebenwirkungen und Gewichtszunahme verursachen. Der besondere Wirkmechanismus von KarXT, der auf präsynaptischer Dopaminausschüttung basiert, könnte dies erklären. Eine umfassende Datenlage zur Wirksamkeit im Vergleich zu anderen Antipsychotika fehlt jedoch noch, da entsprechende Studien abgeschlossen werden müssen.","['ikamentes noch relativ umständlich ist: Es muss zweimal am Tag genommen werden, wobei vorher eine Stunden lang und nachher zwei Stunden lang nichts gegessen werden darf. Hier ist allerdings zu beachten, dass dies das erste Medikament dieser neuen Substanzklasse der muskarinergen Agonisten ist und nachfolgende Medikamente diese Nachteile höchst wahrscheinlich überwinden werden.“\n„Am Ende ist KarXT kein perfektes Medikament, aber es ist ein vielversprechender Anfang für einen neuen Medikamentenansatz, um Schizophrenie und in der Zukunft auch andere psychotische Störungen zu behandeln, die mit zu viel präsynaptischer Dopaminausschüttung zu tun haben. Ich vermute, dass KarXT häufig zusätzlich zu bisherigen Antipsychotika verschrieben werden wird, was gerade auch in einer Studie getestet wird, und gerade Patientinnen und Patienten, die die bisherigen Antipsychotika nicht vertragen, stark helfen wird.“\n\n', 'urchgeführt werden, um wirklich die Wirksamkeit im Vergleich zu anderen Antipsychotika zu prüfen. Die Nebenwirkungen, wie Übelkeit und weitere gastrointestinale Beschwerden werden auftreten, wie die EMERGENT-Studien gegen ein Placebo-Präparat gezeigt haben. Die sollten moderat sein, was aber die Anwendung in der Versorgungsrealität zeigen soll und hoffentlich wird.“\n\nProf. Dr. Christoph Correll\nDirektor der Klinik für Psychiatrie, Psychosomatik und Psychotherapie des Kindes- und Jugendalters, Charité – Universitätsmedizin Berlin, und Professor für psychiatrische Neurowissenschaften, Institute of Behavioral Science, Feinstein Institutes for Medical Research, New York, USA, und Professor für Psychiatrie und Molekulare Medizin, Donald and Barbara Zucker School of Medicine at Hofstra/Northwell, New York, USA\n\nPotenzial von KarXT: \n„Das Medikament KarXT ist meiner Einschätzung nach eine Möglichkeit, die Therapie von Psychosen und Schizophrenie für wenigstens einige Patient:innen zu revolutionieren. Das liegt an dem besonderen Wirkmechanismus von Xanomelin, einem M1/M4 muscarinergen Agonisten, der mit Trospium, einem peripher beschränkten Anticholiergikum kombiniert ist und über die Wirkung auf Muskarinrezeptoren indirekt die präsynaptische Dopaminausschüttung reduziert. Bisherige Antipsychotika blockieren postsynaptische Dopaminrezeptoren. Dopamin wird also ausgeschüttet, das Signal breitet sich jedoch nicht auf die weiteren Synapsen aus. Ein präsynaptisches Problem wurde', 'anz neuen Wirkmechanismus zur Behandlung von Schizophrenie verwendet. Die meisten Antipsychotika wirken auf das dopaminerge System, wodurch nicht selten Nebenwirkungen in der Motorik wie verlangsamte oder auch unwillkürliche Bewegungen auftreten. Außerdem scheint KarXT im Gegensatz zu vielen Antipsychotika nicht zu einer Gewichtszunahme, sondern viel mehr zu einer Gewichtsabnahme zu führen.“\n„Zudem ist es prinzipiell gut, wenn Behandelnde aus einem breiten Spektrum an guten Medikamenten zur Behandlung der Patienten wählen können. Je nach Person und Krankheitsbild können unterschiedliche Medikamente besser passen. Dies ist seit einigen Jahrzehnten der erste neue Ansatz für ein Schizophrenie-Medikament mit einer offenbar guten Wirksamkeit und anderen Nebenwirkungen. Ob KarXT die bisherigen Medikamente ablösen könnte, wissen wir noch nicht, dafür braucht es die entsprechenden Studien. Ein weiteres Medikament zur Behandlung von Schizophrenie, das ebenfalls vielversprechend aussieht, ist Emraclidine, welches auch auf dem muskarinergen Wirkmechanismus basiert.“\n\nDatenlage: \n„Im Rahmen des Studienprojektes EMERGENT wurde die Wirkung von KarXT in fünf verschiedenen Trials untersucht. Sowohl für einen Zeitraum von fünf Wochen als auch von einem Jahr. Die Ein-Jahres-Daten wurden bislang noch nicht publizi']",,3,3718,['In-Breadth'],,0.8,data/example_data/10_Copernicus-Report_ 2024 war 1_6 Grad wärmer als vo.txt
"Wie wirkt sich Künstliche Intelligenz auf die Entwicklung von Proteinen aus, die in der modernen Medizin verwendet werden? Gibt es spezielle Anwendungen, die besonders davon profitieren?",,"Künstliche Intelligenz hat erheblichen Einfluss auf die Entwicklung von Proteinen in der modernen Medizin. 

1. **Evo und die Design von Proteinen**: Das KI-Modell Evo ermöglicht es, neue funktionale Proteine direkt zu entwerfen, indem es nützliche biologische Funktionen in DNA-Sequenzen umsetzt. Dadurch wird der Prozess der Entwicklung biotechnologischer Produktionsstämme und therapeutischer Proteine erheblich beschleunigt. 

2. **Verbesserte Werkzeuge**: Evo kann dabei helfen, verbesserte Versionen von CRISPR-Genscheren zu entwickeln und zu prognostizieren, wie Mutationen die Überlebensfähigkeit eines Organismus beeinflussen können. Solche Anwendungen könnten zu einem besseren Verständnis unterforschter Krankheiten führen.

3. **Wachstumspotential**: Obwohl KI-Vorhersagen noch nicht immer präzise sind, wird der Designprozess in den kommenden Jahren weiter optimiert, was die Möglichkeit eröffnet, komplexe biologische Systeme bis hin zu neuen Organismen zu konstruieren. 

Zusammengefasst verbessert KI die Effizienz und Innovationskraft in der Proteinentwicklung, was essentielle Anwendungen in der Medizin unterstützt.","['liche Gemeinschaft muss kontinuierlich an der Entwicklung von Sicherheitsmaßnahmen arbeiten, während diese Technologie sich weiterentwickelt.“\n\nProf. Dr. Beat Christen\nDirektor des Instituts für Mikrobiologie, Universität Stuttgart\n\n„Vor 40 Jahren leitete die erste DNA-Klonierung durch Paul Berg und Stanley Cohen das Zeitalter der Molekularen Biologie ein. Erstmals konnten natürliche DNA-Stränge in Wirtszellen eingeschleust werden, um Organismen gezielt mit nützlichen Eigenschaften auszustatten. Heute findet durch die Anwendung der Künstlichen Intelligenz in der Biologie ein weiterer Quantensprung statt: Computer-Algorithmen lernen das Neuschreiben von DNA-Sequenzen und ermöglichen es, den Bauplan von Organismen von Grund auf neu zu gestalten. Damit tritt die Biologie in das neue Zeitalter der Digitalen Biologie ein.“\n„In Kalifornien hat nun eine Gruppe von Forscher:innen eine Künstliche Intelligenz mit DNA-Datensätzen von Millionen Bakterien trainiert. Das neue KI-Modell namens Evo lernte dabei die Sprache und Grammatik der DNA und ermöglicht, nützliche biologische Funktionen direkt in künstliche DNA-Sequenzen umzusetzen. Die Arbeit wurde im renommierten Wissenschaftsjournal ‚Science‘ veröffentlicht.“\n\nEinordnung in die Forschungslandschaft: \n„Evo markiert einen Paradigmenwechsel in der Biotechnologie. Bislang wurden Produktionsstämme aufwändig �', '. Bislang wurden Produktionsstämme aufwändig über klassische DNA-Klonierungsmethoden hergestellt, was viel Fachwissen und manuelle Arbeitsschritte im Labor erforderte. Dabei wurden natürliche DNA-Stränge kombiniert und zusammengeführt.“\n„Die KI übersetzt nun direkt nützliche biologische Funktionen in die Sprache der DNA. Im digitalen Raum entstehen neue DNA-Sequenzen, die anschließend durch chemische DNA-Synthese physisch hergestellt und in Zellen eingeschleust werden können. Dieser Ansatz der Digitalen Biologie beschleunigt die Entwicklung biotechnologischer Produktionsstämme oder therapeutischer Proteine für medizinische Anwendungen enorm.“\n\nNeue Möglichkeiten für die Forschung: \n„Die Forschungsgruppe um Evo konnte erstmals auf diesem Weg neue funktionale Proteine entwerfen. Zwar sind die KI-Vorhersagen noch nicht immer präzise, aber durch die Weiterentwicklung der KI-Modelle wird der Designprozess in den kommenden Jahren weiter optimiert werden. So könnten neben neuen Proteinen zunehmend komplexe biologische Systeme, bis hin zu nützlichen Organismen, von Grund auf neu konstruiert werden. Durch die Verbindung von KI und Biologie entsteht nun eine Schlüsseltechnologie mit breiter Anwendung.“\n„Diese rasanten Fortschritte der Digitalen Biologie bringen jedoch auch Verantwortung mit sich. Die neuen Möglichkeiten der KI-basierten Biologie soll', ' gut darin, die ‚Sprache‘ des Lebens – DNA, RNA und Proteine – zu verstehen. Dabei müssen sie allerdings viel komplexere Strukturen verarbeiten als bei menschlicher Sprache: Während ein Text linear gelesen wird, muss bei biologischen Sequenzen die dreidimensionale Faltung und Wechselwirkung über große Distanzen berücksichtigt werden.“\n„Wie bei KI-Textgeneratoren, die zwar vernünftig klingende Sätze produzieren können, die aber in einem bestimmten Kontext keinen Sinn ergeben, können auch biologische KI-Modelle Sequenzen erzeugen, die korrekt aussehen, aber biologisch nicht funktionieren. Daher ist es unerlässlich Vorhersagen auch experimentell zu überprüfen, oder zumindest mit großer Vorsicht zu betrachten.“\n\nNeue Möglichkeiten für die Forschung: \n„Evo kann Wissenschaftlern helfen, neue biologische Werkzeuge zu entwickeln, zum Beispiel verbesserte Versionen von CRISPR-Genscheren. Es ist wie ein KI-Assistent, der beim Design komplexer biologischer Maschinen hilft. Das Tool könnte man sich auch als Werkzeug vorstellen, das hilft vorherzusagen, wie sich Mutationen auf die Überlebensfähigkeit eines Organismus auswirken könnten. Dies könnte eventuell zu einem besseren Verständnis für manche unterforschten Krankheiten führen. Wichtig ist jedoch: Es handelt sich um ein Werkzeug für']",,3,4025,['Constrained'],,0.8,data/example_data/10_Copernicus-Report_ 2024 war 1_6 Grad wärmer als vo.txt
